index,utterance,in_combat
1573,Wonderful!,False
1574,"Everyone roll initiative.
(cheering)",True
1575,"Oh, fuck.
Goddamn it.",True
1576,Oh yeah!,True
1577,Take it!,True
1578,"All right, do we have initiatives 25 to 20?",True
1579,27.,True
1580,21.,True
1581,"Wait!
I didn't roll yet.",True
1582,You rolled a 20?,True
1583,I rolled a 20 plus seven.,True
1584,"21, you said?",True
1585,I have 21.,True
1586,"21 for Tiberius.
What did you get?
One?
Aw.",True
1587,"Oh, I rolled a two.",True
1588,It's six with the plus.,True
1589,"Fellows.
I don't like goblins.",True
1590,18.,True
1591,"You now see Scanlan, who's usually a jovial individual, his eyes begin to tense with fury.",True
1592,I don't like goblins.,True
1593,Is there anything that you know?,True
1594,"No, they will all die.
Don't spare any of them.",True
1595,Copy that.,True
1596,18.,True
1597,"All right, so we have--",True
1598,"18, too.",True
1599,27!,True
1600,What?!,True
1601,"Yeah, buddy.",True
1602,I have 27 initiative.,True
1603,"15 to ten?
Ten to five?
Six.",True
1604,"Wow, oh my god.",True
1605,I got a three.,True
1606,"Okay.
All right.",True
1607,Four.,True
1608,"It was a sudden attack, man.",True
1609,We weren't ready.,True
1610,You got a three.,True
1611,"To be fair I just cast Entangle.
It works.
I'm distracted holding Entangle.",True
1612,"Yeah, it's fine.
Then we have Scanlan.
I'll get you guys in placement here, as your bear is currently back at the inn.",True
1613,He is still?,True
1614,Unless you wanted to bring him along.,True
1615,"Well, I thought I brought him.
I should have mentioned that.",True
1616,"All right, we'll say you brought him along.
That's fine.",True
1617,"I'm sorry, I should have emphasized that more.",True
1618,"That's all right.
Those of you going first, we're going to keep you on the field here.",True
1619,Oh god.,True
1620,A number of goblins that are currently held over here.,True
1621,"They're easy.
Goblins are easy.
Orcs are not.",True
1622,"Yeah, those are mine.",True
1623,Ogres?!,True
1624,"Top of the round, Percy you're up.",True
1625,I'm sitting down and I'm busting out Bad News.,True
1626,Bust out Bad News!,True
1627,"Percy stops just as he gets to the quarry, a little bit elevated, and he pulls out from a small sack on his back this large elongated contraption, this weird construction that looks similar to the pepperbox he usually carries, but much larger and cumbersome.
He sets it up on the ground with a small stand at the front and preps itself with a visual point.",True
1628,Ogre.,True
1629,Ogre back here?,True
1630,Yep.,True
1631,"All right, roll for your attack with Bad News.",True
1632,Have you used it before?,True
1633,"Nope, first time.",True
1634,"His own tinkered construction, Bad News.",True
1635,That's a 30 attack.,True
1636,"Yep, that'll do it.
Go ahead and roll damage.",True
1637,Does that critical for you?,True
1638,19 actually might.,True
1639,Natural 19?,True
1640,Natural 19.,True
1641,"Yeah, that should critical for you.",True
1642,"That does critical for me.
I've never criticaled with this either.
What does that mean?",True
1643,"That means the damage dice you double.
Roll for damage, double that, and add your modifier after that.",True
1644,"Come on!
Big money, no whammies.
Yeah!
Hell yeah!",True
1645,(counting) 27 points of damage.,True
1646,"Get after it, big man!",True
1647,Is that doubled?,True
1648,That's doubled.,True
1649,"You guys hear this cacophonous, large blasting sound, a flash of blue energy and sparks shoot out the back of the weapon.
It actually lifts Percy off the ground for a second and he shifts himself from the sheer blast.
This streaking, heated bullet, reddish, white hot, goes cascading through the air, plunges into the side of the ogre's shoulder with a smattering of blood splattering against the cave behind it.
It's actually moved back a step and has to catch itself.
Slams its club into the ground.
That ends your turn?",True
1650,"I can't do anything after that.
That's just reload.",True
1651,"Tiberius, you're up.",True
1652,I move within 60 feet of those big fellows.,True
1653,Bad news travels far and fast.,True
1654,Nothing travels faster.,True
1655,"This is the entanglement, by the way.",True
1656,"Oh, okay.",True
1657,Right before there.,True
1658,"Everything there is fighting from the entanglement.
Most of these goblins are currently inside of it.",True
1659,I'm going to shoot a Scorching Ray at the big guy.,True
1660,Both of them?,True
1661,He said he moved within 60 feet of them.,True
1662,"You moved up to here?
All righty.",True
1663,"They're all entangled, yeah?",True
1664,That's good right there.,True
1665,Still have Entagle up.,True
1666,"These guys here are entangled.
These front goblins are not.
Scorching Ray you said at which ones?",True
1667,"Actually, oh there's a bunch of those dudes, aren't there?
I'm going to do a Fireball instead, right in the center of the juiciness where I can get a couple little guys and both the big guys.",True
1668,"All right, so I'd probably about there would be where you'd want it.",True
1669,"I'm going to do that, and I'm going to spend two sorcerer points immediately to do quickening spell and do another spell right after that.",True
1670,"Okay.
As you rush up, you pull back your hand and you see the arcane red energy begin to flow in your palm.
You then throw the beam out, and it arcs, slams into the center, and explodes hitting each of these five goblins and the two ogres.
What's your DC on your spell?",True
1671,My DC on my spell is--,True
1672,Top of your spell page on the right.,True
1673,"Oh!
Wait.
Oh!
17, sorry.",True
1674,"17, okay.
Wow!
The two ogres actually make their saving throws.",True
1675,Ugh!,True
1676,Boo!,True
1677,They got 18 and a 19.,True
1678,"Roll crappier, ogres!",True
1679,"The goblins, however, all disintegrate.",True
1680,All of them?,True
1681,"There's no way they're going to survive the damage you-- they (poofing).
You see this hint of a red ash mist go, (squeaking) where they once were, and they are all turned to black nothingness.
However, roll damage for the ogres.
They get half damage because they made their reflex save.
So 8d6 damage.",True
1682,8d6.,True
1683,(counting) 27!,True
1684,What?!,True
1685,"27, so half that.
As the blast of fire dissipates, you can see one of the ogres is now burnt on half of its chest.
Looking a little rough.
There's blood streaking down from the side of his face where the shrapnel got thrown at him.
The other ogre's looking okay.",True
1686,He's a large creature isn't he?,True
1687,Yes.,True
1688,I'm going to use my second spell and do Telekinesis and pick one up and try to hurl him into the other one.,True
1689,"Okay.
Which one?
The one left here?",True
1690,The one that's beaten up already.,True
1691,I'm hard right now!,True
1692,"He does fail his saving throw.
You lift him up in the air and throw him into that.
That ogre is knocked prone by the impact.",True
1693,Yeah!,True
1694,"The other one is also knocked prone.
Before (splatting) into the wall, both of them slam to the ground.",True
1695,"With my vines, I make sure my vines really grapple him.",True
1696,"I turn to Grog  They're all yours, buddy!",True
1697,Go ahead and roll 2d6 impact damage for the force of the throw.,True
1698,"Sweet!
Impact damage?
Ten.",True
1699,Ten damage to each of them?,True
1700,Yeah.,True
1701,"All right.
Both of the ogres are now on the ground reeling from the impact.
That brings us to Grog and Vex going simultaneously.",True
1702,Ladies first.,True
1703,"Oh!
Well, all right.
I'm going to cast Hunter's Mark on the most damaged one.",True
1704,"Okay, that'd be this one here.",True
1705,"All right.
Then I'm going to shoot Lightning Arrow.",True
1706,"All right.
Do you want to move a little closer?",True
1707,"Yes, I do.",True
1708,"All right.
That would put you right there.",True
1709,"All right, cool.
I'm going to shoot Lightning Arrow at them.",True
1710,"Okay.
You pull out your arrow and as you pull it back, a little bit of energy courses through your fingers, strikes through your arrow.
You can now see this crackling energy as you're pulling it taut in your bow.
You let it loose, roll for attack.",True
1711,"Okay!
21!",True
1712,21 hits.,True
1713,"All right.
Then I do something else.
1d8.
Right?",True
1714,"Yep.
You do the damage of the arrow plus the damage of the spell.",True
1715,"Holy moly!
So that's this.
13 for the arrow and then 4d8 for the spell.
(counting) 17!",True
1716,"17.
Okay.
The ogre that's been beaten, blasted by the fireball, it's getting up-- (grunt).
It grabs its club, and it begins to get up on one leg as the Lightning Arrow slams into its chest.
You can see it hits.
Looks down for a second, and then the charge pulses through its entire torso.
As it does, it screams out, ""Ugh!"" into the cavern, its whole muscle system locks tight and it falls forward again, onto its chest, smoke rising off of its whole upper area, unmoving, on the ground.
He is gone.",True
1717,"Dang!
Come on now!",True
1718,"Yes!
Then the other one takes 2d8 if he fails his saving throw.",True
1719,"Which, with a one, he does.",True
1720,"Yes!
Oh, he fails it so good.",True
1721,Go ahead a roll damage for other ogre.,True
1722,"Two.
ten.",True
1723,"Ten damage.
Nice.
As he falls to the ground, the arc arcs over to the other one who drops his club for a second.
Picks it up angrily.",True
1724,I can reassign my Hunter's Mark to him now?,True
1725,You can.,True
1726,Yes.,True
1727,"Yes, all right.
That brings us to--",True
1728,"Oh, my Hunter's Mark!
I didn't do my Hunter's Mark damage.
But it doesn't matter.
He's dead.",True
1729,"It doesn't matter.
You killed him.",True
1730,"All right, cool.",True
1731,"You just ultra killed him!
(valley girl voice) He is so dead.
Oh my god.
This ogre is done.
(normal voice) All right.
The other ogre's angry.
It's now the goblins' turn.
These goblins rush up.
They are dashing forward.",True
1732,(valley girl voice) They are so dead.,True
1733,"(valley girl voice) They're just, like, dead.
This one moves around, and this one runs around to there.
No attacks.
Everyone make an insight check.",True
1734,"Insight check?
Oh shit.",True
1735,"What happened?
Why are we doing this?",True
1736,I literally get a one.,True
1737,"(sings) Natural 20!
On an insight check.",True
1738,"20 total.
20.",True
1739,22.,True
1740,Four.,True
1741,"Natural one.
I'm really not paying attention.",True
1742,"You're dealing with the fact that you just fired your gun for the first time and it burned your hands a little.
You're like ""Ugh!""",True
1743,Grog.,True
1744,Recites poetry.,True
1745,"Grog is familiar with one thing, fear in the eyes of his enemies.
Looking at these goblins, they're not charging to attack.
The attacks seem to be instinctual.
They are running.",True
1746,"Oh, no!",True
1747,They are scared.,True
1748,Yes!,True
1749,They are fleeing from something.,True
1750,From the ogres?,True
1751,Something behind the ogres.,True
1752,"Oh, no.",True
1753,May I make a request that you kill them anyway?,True
1754,"It's like playing croquet at this point, so yes.
(laughter)",True
1755,"Grog, it's your turn.",True
1756,"I would like to rage!
And I would like to move to the right of all those stinking goblins!",True
1757,Right over here?,True
1758,"Yeah, a little more to the right.
Yeah, a little more.
Yeah, keep going.
All the way flanking it there.
Yeah.
Yeah, and then I would like to give them the cleanest shave possible with my greataxe.",True
1759,"All right.
Go ahead and roll for attack on the first one.",True
1760,"18 plus eight.
That's 26?",True
1761,"That definitively hits.
Go ahead and roll damage.",True
1762,"Oh, damage, crap.",True
1763,(sings) Decapitation!,True
1764,"Two plus the four.
13!",True
1765,"13?
Okay.
As you rush up, you bring your axe into the first goblin to your right (whoosh) clean.
You don't even feel resistance.
You hear this little (wheeze) sound as this being is bisected.",True
1766,"Oh, that was cute.",True
1767,"Its head and upper torso rolling off to the side before rolling to a stop.
However, the inertia of your axe still keeps through to the one on the other side of you.
Go ahead and roll for your second attack on that.",True
1768,21!,True
1769,"Also hits, go ahead and roll damage.",True
1770,"Oh, that was eight plus seven is 15!",True
1771,"As you cleave through the first goblin, you swing around, another goblin looks up at you, scared, and pulls a dagger out with its gnarled tongue, (hisses), at which point the axe embeds itself straight into its face.
Its angry face goes, ""Ugh!"" and falls slack against your blade.
You lift backward, and it's stuck to the edge of your axe.
Just limply dangling against-- you shake it off a little bit.",True
1772,"Double prizes!
Yeah!",True
1773,"Great.
That ends your turn.
The thing about rage is that you can use your bonus action for a third attack.
If you wanted to do a frenzy action, but you don't need to.
That brings us to the ogre's turn.
The ogre gets up, let's see if it makes its saving throw for an attempt to get out.
It does with an 18.
However, the ogre gets about that far.
It's going to make a double move.",True
1774,Double move?!,True
1775,He's running.,True
1776,I still have Entangle up.,True
1777,"I know.
He managed to resist it.",True
1778,He saved against it.,True
1779,It's a big ogre.,True
1780,Poop.,True
1781,"The ogre takes his full turn to get up in melee with you guys.
It does not have its attack since it used its full movement there.
Once again, you see as it's lumbering forward, it also has this look in its eye of desperation.",True
1782,Oh crap.,True
1783,We should just let it pass.,True
1784,Now it is Vax's go.,True
1785,"My sister's right in the face of the ogre, correct?",True
1786,Correct.,True
1787,"Excellent.
I'm going to take a run towards my sister, since she's right close to him, he's distracted so I'm going to turn just as I get to her, so my back presses against hers and swing around and sneak attack two daggers up in his belly.",True
1788,"We've practiced this, I turn.",True
1789,"All right.
As you dodge to the side, this blur of shadow and speed, you coast up to the side of your sister, dagger both plunge towards the side of the ogre.
Go ahead and roll for an attack.",True
1790,"All right.
One.
Then the other one I do a poison dagger, gets a (singing) 20!",True
1791,"Oh, put it on him brother!",True
1792,All right.,True
1793,"That is dagger of venom, 1d4.
Three, plus two is five, and then is the sneak attack damage go with--?",True
1794,"Yeah it does because you have another ally adjacent to it.
You don't get advantage on the attack roll, but you can still do the sneak attack.",True
1795,"Critical hit, too, as well, wouldn't it?",True
1796,"Yeah!
You can multiply the sneak attack damage.",True
1797,"Five, plus- and the double goes to the sneak attack damage?",True
1798,"It does.
Modifiers don't double, but any dice you roll double.",True
1799,"Nine, 15--",True
1800,"In my game.
(clicks tongue)",True
1801,"So 30 plus five, 35.",True
1802,35 damage.,True
1803,Plus poison.,True
1804,"The poison's not going to factor in.
You swing past her, both blades jam right into the side of its rib cage.
You hear it howl out in pain.
As it does, you twist the daggers in a way where both blades are now going in two different directions, and you carve out a section of its entire abdomen.
As you do, the flesh, like whale blubber, sloughs off the sides of it.
Organs spill out, intestines, and it looks down and tries to pull them back in.
You see the color draining from its face, and you lean up and kick it down.
The ogre and falls to the ground lifeless, destroyed.",True
1805,You gave him just enough time to regret everything that had ever happened.,True
1806,Yes.,True
1807,"Well done.
Bad life choices.",True
1808,That brings us to Keyleth.,True
1809,I didn't call my mom enough.,True
1810,There are two goblins left?,True
1811,There are two goblins left.,True
1812,"Okay.
I do a quick sprint jog up up towards Grog and go (boof) and bring up a big stone wall.
Right where that entrance is.",True
1813,Right here?,True
1814,"No.
Like, right where things are pouring out.",True
1815,"Right, here?",True
1816,Yeah.,True
1817,"All right, Wall of Stone.",True
1818,Wall of Stone-- boom.,True
1819,"All right.
A giant wall of stone now completely seals off that part of the mine.",True
1820,"We don't know what's in there, we should talk about this for a second, and I bought us some time.
I'm sure it's going to try to beat through that door in a second.",True
1821,"I'm going to say that you moved up to there with your movement.
All right, I'd say probably over here, not right next to the goblins and that will give you enough range.
Okay, so the wall of stone-- (boom)",True
1822,"Are there any guards around still?
Any dwarven guards?",True
1823,"They are all watching you do this now.
They don't want to put their lives at risk, and you guys seem intent on getting into the middle of this battle, so they are going to sit back and let you do it.",True
1824,"I throw up my wall and turn around and I say: What's coming?!
Tell us!
You know what's coming.
What's coming?!",True
1825,Make an intimidation check.,True
1826,"Keyleth, you are so hardcore.",True
1827,I'm not good at this.,True
1828,You speak goblin?,True
1829,"Oh, four.
(laughter and groaning)",True
1830,(tearfully) What's coming?,True
1831,Make a pity roll.,True
1832,"A very gentle attempt at intimidation, however, the message gets across.
The guards look at you, taken off guard.",True
1833,"We are about to die.
It is in your best interest to tell us.",True
1834,"""We don't know!
It's been different things.
Strange abominations.
It's hard to describe.
They're put together.
Something's making things down there.""",True
1835,"What kind of things?
From where?",True
1836,"As they're talking, you hear a (boom) against the stone.",True
1837,(clicking) Sitting down.,True
1838,I bring out my blade.,True
1839,"The stone cracks, and you can see a noticeable crack and an audible (cracking).",True
1840,I'm running right now diagonally towards the wall and I press against the wall.,True
1841,"Oh, good call.
I do the same thing on the other side.",True
1842,"Okay, so you come over here.
Do you want to bring Trinket with you?",True
1843,Yeah!,True
1844,All right.,True
1845,You're all so fancy.,True
1846,I cast Stoneskin on myself.,True
1847,"We're stealthing, I'm stealthing.",True
1848,Roll stealth both of you.,True
1849,"How tall are the walls?
I mean the ceiling.",True
1850,"Oh, the ceiling right now is the rest of Kraghammer for the most part.",True
1851,Hundreds.,True
1852,"Yeah, it is a huge ceiling.",True
1853,"What's in the middle?
Are those fires?",True
1854,"These are braziers here.
By the way, Stoneskin goes, this disappears.",True
1855,The entanglement?,True
1856,"Yeah, the entanglement is gone.
There are minecarts, some rocks, there is a smashed cart over here from when the ogre barreled through.
This is a piece of stone that rises about 15 feet, and these are both braziers for light in the center of the area.
Yeah, it's hundreds and hundreds of feet up.
You can look up to the very top of Kraghammer from here.",True
1857,"Okay, that's fine.",True
1858,"Whatcha got?
Well, let's see.
Keyleth, that's your turn, Stoneskin and moving up.
Anywhere else you want to go?
Right now, we're technically not in combat.",True
1859,"Right.
We're out of combat.",True
1860,Briefly.,False
1861,"I'm breathing deep, taking aim at the wall, resetting everything.",False
1862,Can I move up behind that pillar?,False
1863,Okay.,False
1864,I'm staying far back at the moment.,False
1865,"Back here.
Both of these goblins-- I'll just say that you guys end up taking them down.
It's not even a question.
You step on them and crush them.",False
1866,Are there any dwarves that we can say to go get Ballsack and bring him down?,False
1867,You can.,False
1868,"Oh yeah, Balgoos!
Balgus.",False
1869,"Balgus?
You tell them, ""Get Balgus!"" and they're like, ""Who?"" Some of them have set crossbows up by the way.
They're barreling down to get ready to fire at whatever comes through.
(impact) Another crack in the wall.
You can see the dust settle as the stone cracks again and a large piece at the top tumbles off.
The stone wall's probably not going to hold another impact.
Anybody else want to move anywhere?",False
1870,Just taking aim.,False
1871,"I'll move up to the right near where Grog is.
No one's has taken any damage yet, right?",False
1872,"Not currently, no.
You guys have had a pretty clean sweep into this battle, so far.",False
1873,"I can't inspire anybody here?
Now?",False
1874,"You can inspire anybody.
Just give them a dice.",False
1875,Can I inspire everyone?,False
1876,You can spend all your uses to inspire as many people as you have the uses of it.,False
1877,I still have mine that I haven't used yet.,False
1878,I'll inspire Vex and Vax and Grog.,False
1879,"(singing) I think you're really handsome and nice!
You're going to have inspiration dice!",False
1880,Thought you were going to have a little--,False
1881,"I know, some beautiful song for us!
Wait, what for all of us?
We all get a d8?",False
1882,"Each of you has to have a single d8 dice, inspiration dice.
The bardic inspiration is flowing through you, that you can use to add to an attack roll, not damage.
You can add it to an attack roll, a saving throw.",False
1883,(plays tune on electric piano app),False
1884,"There you go.
That's what a shawm sounds like, apparently.
You can use it on attack roll, a saving throw, or an ability check.
Any skill.
Tiberius, are you going to stay where you are, are you moving anywhere?
Last chance.",False
1885,Is that cover right there next to me?,False
1886,"Right over here?
Yeah.",False
1887,"I'll get behind the cover.
I'm going to peek out and I'm going to cast Blur.",False
1888,"Okay, Stoneskin goes away.",False
1900,"Correct, you can, yes.
Because this still part of the encounter.",True
1901,Sweet!,True
1902,"That is now marked with the Hunter's Mark.
Percy, you're up first.",True
1903,Do I have to take new aim or can I have myself already trained on--,True
1904,"You've had a moment to train.
You haven't seen the creature until it just burst out, so it would take you a round to aim.",True
1905,I'm taking my round to aim.,True
1906,"Okay, so you're aiming.
That brings us to Tiberius.",True
1907,What did you just do?,True
1908,"I just took aim.
Took aim.
Just a gun.",True
1909,Did we roll initiative again?,True
1910,I'm keeping the same initiative order.,True
1911,"This gun doesn't do anything fancy.
Just shoots really far, really hard.",True
1912,"Okay!
I'll do a Scorching Ray.",True
1913,"Scorching Ray, all right.
It makes a saving throw.
It does not!
Rolled a two, so full damage on it.",True
1914,"Two-- four.
Let's shoot two of them right now, right, three of them?",True
1915,It's an aimed ray attack?,True
1916,Yeah.,True
1917,"Then you have to roll for the attack.
Roll a d20 and add your--",True
1918,"Roll high, roll high.",True
1919,Top of your spell page.,True
1920,"Oh!
That's 23.",True
1921,"23?
23 hits.",True
1922,"Yes, okay.
Then that's 2d6.
That's 12.",True
1923,"12 points of damage to the naga.
That brings us to--",True
1924,"Wait.
I roll for the second shot, right?",True
1925,Yeah.,True
1926,"Okay, and that's a natural 20.
(cheering)",True
1927,"Okay, so you fire one beam off and it slams into the side of one of the naga heads.
The second you bring back and as you do there's a flicker of arcane instability.
His arm shakes as he releases the surge of scorching energy as it blasts into the side of the naga.
Also, does not make a saving throw again!
Roll full damage.",True
1928,"Holy shit, Tiberius.",True
1929,Oh my god.,True
1930,12.,True
1931,12?,True
1932,Yeah.,True
1933,"Multiplied?
Or did you roll a 12?",True
1934,I rolled a 12.,True
1935,"12.
Times two.
24 points of damage.",True
1936,"Oh!
I'm terrible at math!
Stay in school, kids!",True
1937,"This is a good time to note our charity, 826LA.",True
1938,"Not yet.
Don't donate yet.
Donate next week.",True
1939,"Next week, you can donate to then.
All right, so that brings us to the end of Tiberius' turn.
You want to move at all, are you staying where you are?",True
1940,I'll stay right here.,True
1941,"Grog and Vex, you're up.",True
1942,Ladies first.,True
1943,"Oh!
Me!
Okay, I'm going to shoot-- oh god, I didn't realize I was going so fast.",True
1944,"What did you roll for stealth, by the way?",True
1945,What?,True
1946,"What did you roll for stealth, by the way?",True
1947,I rolled a 20 for stealth!,True
1948,"Then yeah, he has no idea you're there.",True
1949,Sweet!,True
1950,He sees the bear going (growling).,True
1951,"Okay.
Trinket's going to hang out because I don't want to-- you know.
I'm going to shoot Conjure Barrage.
No, I'm just going to shoot him twice.",True
1952,"All right, go for it!",True
1953,All right.,True
1954,"Arrow once, arrow twice, Legolas style.",True
1955,I am going to do the fire arrow thingy at it.,True
1956,"Okay, so using your bowstring.",True
1957,"The blazing bowstring.
Thank you, Tiberius!",True
1958,"That he created and crafted!
All right so as you pull the second arrow out you nock it.
As you let it, go it bursts into flames arcing halfway through the air.",True
1959,Okay.,True
1960,What was your to hit roll on that?,True
1961,21?,True
1962,21 hits!,True
1963,"Oh wait, that's four plus seven is 11.",True
1964,Don't forget your inspiration!,True
1965,Well inspiration dice is to hit.,True
1966,"Oh, okay.",True
1967,11.,True
1968,11 points of damage.,True
1969,"For the first one, plus for the blazing bowstring I can turn any arrow into a flaming arrow, doing additional ten fire damage.
I'll roll that right now, which is this.
Which is a seven!",True
1970,"An additional seven, so 18 total damage and that arrow (impact) in the side of its body.
One of the serpent heads reels back from the pain.
It begins snatching at where the arrow's now protruding from it, trying to break it off.",True
1971,"Then I'm going to roll again!
That's a 24!",True
1972,"That hits, go ahead and roll damage.",True
1973,"Awesome.
That's an eight.",True
1974,"Grog, you're on deck.",True
1975,Seven plus seven is 14!,True
1976,"14 damage, all right.
Both arrows sink into it.
Definitely piercing through the scales a little bit, but not sticking too deeply into its body; it's definitely a hearty creature.
Grog, you're up!",True
1977,"Right, I would like to run around the other side of the rock, raging, spit flying out my of my mouth!
I would like to use the chain of returning, also crafted by Tiberius, attach it to the end of the greataxe, and throw it from where I am at the snake.",True
1978,Yeah!,True
1979,"He comes running around, rears back, and takes his double-handed great axe and lobs it overhand.
The chain, that's wrapped around your wrist, keeping it attached to you, in some degree.
Go ahead and roll for the attack.",True
1980,"Eight, nine, 17!",True
1981,"17?
It just hits!",True
1982,"All right, nice.
That is 15.",True
1983,"15 points of damage.
The axe embeds itself pretty deeply into the torso.",True
1984,"Oh!
I didn't do my Hunter's Mark.",True
1985,Roll Hunter's Mark damage right now.,True
1986,"Thank you, chatroom!
Six!",True
1987,"Six?
Awesome.
Six damage.
All right.",True
1988,"This says, ""An athletics-strength check is required to pull the weapon free, the DC 12?""",True
1989,Go ahead and roll an athletics check.,True
1990,12.,True
1991,Roll a d20.,True
1992,"Oh, a d20.",True
1993,It's a DC 12.,True
1994,"Shit.
Balls.
Taint.
Five.",True
1995,Plus--,True
1996,Plus what?,True
1997,Plus your athletics!,True
1998,"Oh!
That's bound to be good.
Seven!
It's 12!",True
1999,"12 is the DC!
So yeah!",True
2000,(elated laughter),True
2001,"You pull back the chain and as you do, the blade is resisting, it's stuck in the torso and it actually (whoosh) and flies back, and you barely catch it.",True
2002,(nervous laughter),True
2003,I love your joy sounds!,True
2004,"Meant to do that!
Meant to do that of course.",True
2005,Now it's its turn.,True
2006,Oh no!,True
2007,(bursts of wind),True
2008,"Yeah, come on!",True
2009,"What?
Why me?
No, that's not me.",True
2010,"For its size, when it moves, it moves in a burst of lightning energy.
It's too fast for its corpulent form.
As it goes behind to Keyleth and Tiberius, it makes an attack with each of its five heads.
Two on Tiberius, three on Keyleth.
Remember, you guys have Stoneskin, so I believe you have resistance against damage, right?",True
2011,"Oh yes, I do.",True
2012,"All right.
So.
Against Keyleth, it's a natural 20.",True
2013,Oh no!,True
2014,"That's a 12 plus seven, that's going to be a 19 to hit?",True
2015,Yeah.,True
2016,Natural 20 again.,True
2017,What the fuck!,True
2018,"Two critical hits, and a hit on you.",True
2019,What is this bullshit?,True
2020,"On Tiberius, that's a 22 to hit and a 13 to hit.",True
2021,"One does, one does not.",True
2022,"Okay, cool.
Against Keyleth, you take--",True
2023,I'm glad I cast Stoneskin.,True
2024,"I know.
So you take half damage for these.
Which is fine.",True
2025,Yeah.,True
2026,"That's two plus four, that's six, damage halved, you take three damage.
Oh, sorry.
Three multiplied by two because it's a critical.
So you take six damage from the first strike.",True
2027,"That's nothing!
Six damage.",True
2028,"Not too bad.
You take seven damage from the second strike, and another six damage from the 3rd strike.
Actually, it would have been six, four and six.
Because you have resistance on the damage because of Stoneskin.",True
2029,"Six, four and six?",True
2030,"Yes.
However, make a constitution saving throw.
As venom from the fangs of the naga begin to pulse into your bloodstream.",True
2031,"I should have taken the poison resistance.
He talked me out of it.
What am I--constitution.",True
2032,"Yeah, constitution saving throw.",True
2033,Fuck!,True
2034,"Natural one?
Natural one on the constitution saving throw.",True
2035,Oh no!,True
2036,It's a bad day.,True
2037,"You feel this burning pain pulse into your bloodstream, as your whole body doubles over from the pain.",True
2038,Keyleth dies in episode one.,True
2039,You suffer 31 points of poison damage.,True
2040,"31, on top of the six, four and six?",True
2041,Yep.,True
2042,Are you okay?,True
2043,The poison damage is not halved because it is not a physical attack on your body.,True
2044,Is Keyleth unconscious?,True
2045,"No, she's okay.",True
2046,"Tiberius you take 13 points of damage halved by Stoneskin so you take a total of seven.
Also make a constitution saving throw.
Whatcha got?",True
2047,It's a 16.,True
2048,"16, you manage to physically resist the poison in your system.
You feel that slight tinge, the muscles tense, but then your dragonborn form begins to shrug off the effect of the venom.",True
2049,Can I turn to him and blow fire out of my nostrils?,True
2050,Sure.,True
2051,That's what I do.,True
2052,"True dragonborn challenge.
That brings us to Vax.",True
2053,"Okay, I start jogging backwards.",True
2054,Took me down to 16 hit points.,True
2055,Can I sneak attack while prone?,True
2056,"You're stealthed currently, so you would technically get a sneak attack, but you have to be in melee for you to get the other bonus.
It would be sneak attack for this damage if you were to roll or if you were to throw a dagger at it, you would get the sneak attack.",True
2057,"Okay, so that means one throw instead of two?",True
2058,You can throw both daggers at it.,True
2059,"All right.
I feel so inspired by Scanlan's bardic tunes--",True
2060,(singing) Yeah!,True
2061,You can add it after you make the roll by the way.,True
2062,If you do a really good roll then you don't need it.,True
2063,"Okay, 19 plus 11 is 30.",True
2064,"Because you're a rogue, isn't that critical for you?",True
2065,"Yeah.
Oh, yeah.",True
2066,Two criticals!,True
2067,"The other one, the other one is a 16 plus, plus-- is a 26.",True
2068,"That also hits.
You chuck both daggers out, they both arc around.
You're used to throwing around--",True
2069,"I meant to say I was aiming at its eye, the main head's eye.",True
2070,"No, you should've said that first.",True
2071,"For flavor it's fine.
Just go ahead, it's fine.",True
2072,"All right, four.",True
2073,Four!,True
2074,"(counting) 20.
20 times--is 40 plus four.
44, that's the first dagger?",True
2075,"Yeah, 44 damage.",True
2076,44.,True
2077,Damn!,True
2078,"Rogues, man.",True
2079,"Help me.
Help!",True
2080,That's just one dagger?,True
2081,"That's just one.
Four plus two is six.
Is that sneak attack?
No.",True
2082,"No, only one sneak attack per turn.",True
2083,Okay.,True
2084,40 and then six on the other one.,True
2085,"One actually hit one of the heads, one of the various naga heads directly into its face.
As it does it goes through both eyes and you can see it begin reeling from the attack.
It's looking pretty rough, actually.
The stitches beginning to come apart at some of the seams and you can see a black ichorous liquid spill out from some of the suture marks.",True
2086,"Just a reminder the daggers, folks, blink back to the belt on my waist.",True
2087,"Because magic.
Magic rogue shit.
Keyleth, you're up.",True
2088,Kill him!,True
2089,"Okay, so I'm really upset, really hurting.
Out of anger I take my staff and I go (bam) and I crack and do Thunderwave pushing him back 15 feet.",True
2090,"All right.
Makes the saving throw.
He gets pushed back, so he takes damage, just half damage.",True
2091,"Okay, 2d8.",True
2092,As you're setting up your gun it gets slammed right point blank to you.,True
2093,"Oh sorry.
It takes four damage.",True
2094,"Four damage, all righty.",True
2095,Then I'm going to turn into an eagle.,True
2096,(laughs) As one does.,True
2097,"We'll say for that, because I forgot to bring an eagle, you're now a-- (eagle sounds)",True
2098,And I fly away.,True
2099,"Away.
(laughter)",True
2100,"Far, far, away.",True
2101,Where are you going?!,True
2102,"Tell our story, Keyleth.",True
2103,That's pretty great.,True
2104,"Then I cry in the corner and rock back and forth a little bit.
That's my turn.",True
2105,"I forgot to mention you actually take half damage for the saving throw for the venom so you still would've taken 14 points of poison damage, so mark that.",True
2106,Okay.,True
2107,"It is half damage on a save.
That brings us to Scanlan.",True
2108,Can I bonus inspire myself?,True
2109,"Because you're Scanlan I'll say, yes.
You have such a high opinion of yourself that even you could inspire yourself.
So yes, why not.",True
2110,"(singing) It would help me to acquire some dice to inspire.
(speaking) I inspire myself first and move five feet back so I'm on the same row as him.",True
2111,There?,True
2112,Not that far.,True
2113,There.,True
2114,"Yes.
Them I'm going to cast Lightning Bolt at him.",True
2115,"Okay!
Straight line that way?",True
2116,"Straight line, that way.",True
2117,"You don't have to roll to hit.
You just roll damage on that.
I make a saving throw.",True
2118,"Oh!
I didn't even need to inspire.",True
2119,"What's your DC on the spell?
Top of your spell list.",True
2120,17.,True
2121,Thank you.,True
2122,"17?
That's a failure on its saving throw.
Go ahead and roll 8d6.",True
2123,"8d6?!
Kill him!",True
2124,"Bards.
Gets spells from other classes.",True
2125,"If you kill, I will take a shit on this table.",True
2126,(counting),True
2127,It's gone.,True
2128,24!,True
2129,24 points of lightning damage.,True
2130,"Yes.
(sings a high-pitched note)",True
2131,"How do you want to do this?
(yelling)",True
2132,"Wait!
Is this the first time you've--",True
2133,I've never killed anything before!,True
2134,Never killed anything in two years!,True
2135,"For the people at home, we live to hear Matt say:",True
2136,"""How do you want to do this?""",True
2137,"I let the player describe their victory.
As you sing to yourself to bolster your arcane energy, you release a shear bolt of energy.
How do you want to do this?",True
2138,"The bolt of lightning begins in its tail and works its way up through its spine, slowly but painfully torturing it as it slowly, slowly feels the effect coursing through its evil body.",True
2139,"Because of your bardic ability to actually shape sound from an arcane standpoint, a lightning bolt should be an instant flash of arcane energy, you actually cause it to crawl.
You control it as it begins to cascade up the torso of this horrible abomination.
As it does you can see the bolts splinter and destroy each suture wound as each of its heads begins to slough off the rest of the torso until nothing is left but the single head screaming into the air.
As the bolt makes its way up the neck, its eyes burst out in a blast of energy.
The body falls limp to the ground.",True
2140,"Can it have a lightning bolt shaped in an ""S?""",True
2141,A Scanlan-shaped lightning bolt is burned into the torso of the strange naga beast.,True
2142,"Well done, Scanlan, well done!",True
2143,"The dust settles, the adrenaline still pumping in your system, Scanlan.
All the rest of the dwarves begin stepping down, putting their crossbows down, looking down at the little gnome that created a storm from its hands.
One of them pats him on the shoulder and goes, ""Well done.""",True
2144,"Thank you.
Just promise me you'll that tell Pike about this.",True
2145,"""Okay?""",True
2146,"Because it was really cool, right?",True
2147,"""That was pretty cool.""",True
2148,"Okay, good.",True
2149,"All the dwarves look into the tunnel that it came from and the one that you spoke to earlier goes, ""So that's the kind of thing that's been coming out of there.""",True
2150,Lovely.,True
2151,Thanks for the heads up.,True
2152,That was really helpful.,True
2153,"We'll go ahead and leave the game there for the night.
(cheering)",False
2154,"Folks, well done.
Hope you guys had fun watching our first ever Critical Role.
That was a good time so we'll be here next week on Thursday.
7:00, though.
Today was a special early edition because all of Geek & Sundry's going to South by Southwest.",False
2155,"Good job, dude!",False
2156,"Dude, thank you, Zac!",False
2157,"This is so much fun.
This is the most fun I've had all week now until I die of stress behind the camera.",False
2158,"Good!
That's good.",False
2159,"Guys, I hate to end it so abruptly but we're actually packing up the cameras that are filming me now, our unit, everything, lights, and getting on a plane and heading to South by Southwest.
We may stream tomorrow, we may not, we're flying blind, we'll see what stuff looks like when we get there.
Thank you guys so much and we'll be back next week, 7:00pm.
Next week guys, it's going to be great.",False
2160,Thank you all for coming!,False
2161,"Hello everyone, and welcome to the second episode of Critical Role, where a bunch of us crazy voice actor, nerdy types sit here and play Dungeons and Dragons.
We'll be continuing from last week's adventure, so in the meantime, let's go ahead and show you some of the character backstory.",False
2162,"Right, listen up.
If you have ale, then you have a friend in Grog Strongjaw.
A goliath of towering height and size, this barbarian has an appetite for the two great loves in his life: combat, women, and ale.
(record scratching) Wait.
Easily the brains of the group, Grog is often consulted for his vast knowledge of shapes, colors, and shiny things.
Also ale.
In his early years, armed with his two-handed greataxe, Grog oft enjoyed proving his might amongst the ranks of his family's wandering herd, but after coming upon an unsuspecting elderly gnome in the woods, he objected to the killing of such an innocent life.
A creature of impulse, Grog felt only pity for this, (chuckles) this terrified little thing.
His disobedience cost him dearly.
Beaten bloody and banished by the herd leader, his uncle Kevdak, Grog was abandoned and left to die.
Exiled from his herd, it was then that the relative of the very gnome he fought to save, saved him.
It was the kindness of a gnome cleric named Pike that healed Grog, bringing him back from death's edge.
And they have remained close friends ever since.
Most nights, Grog can be found challenging entire taverns to wrestling matches, ha!
Or accompanying Scanlan to the nearest house where you pay for lady favors, huh.
Also ale.",False
2163,"A first impression of Keyleth would leave you with little information on the half-elven druid.
You might even think that her social awkwardness due to her sheltered upbringing is kind of sweet.
Of course, it would be unwise to underestimate her based on first impressions.
(lightning roaring) Under that unintimidating, petite frame is a vicious beast waiting to be unleashed whose natural powers have made even the fiercest of champions pee their pants, literally.
(giggles) Born to the air tribe of the Ashari people, Keyleth was raised with a deep love of nature and the elemental magics.
It is her people's inherent duty to protect the delicate areas in Tal'Dorei, where the four elemental planes begins to bleed with this realm.
Since she was a little girl, she had quite a knack for air manipulation and beastshaping abilities.
Well, if you consider kittens and flying squirrels to be little beasts, which I do.
(clears throat) Anyways, it wasn't long before the headmaster of the tribe, her father, Kohren, realized her true prodigious abilities and she was inveterated to succeed him as the next headmaster.
Just like that, her jovial childhood was stripped and replaced with endless spell memorization, teachings from ancient traditions, and exceedingly high expectations.
Every druid leader-to-be must embark on a journey to seek out the sister tribes in order to introduce and establish respect amongst the fellow headmasters.
They call this the Aramente, or Noble Odyssey.
When her father felt she was ready, he set her on the path to truly discovering herself.
Not knowing when, or if, she will ever return.
As she hikes down the mountain towards Stillben, she meditated on the task ahead.
Part of the Aramente is proving yourself a strong warrior, a valiant protector, and a wise and compassionate leader.
With this knowledge, one thought plays in repeat in her mind: Is she even worthy?",False
2164,"Percy was the third child of seven children, born to a noble family who lived far to the north in the ancient castle of Whitestone.
With so many siblings to share the burdens of lordship, Percy turned his attention to the sciences, engineering, and naturalism.
One day, a mysterious couple named Lord and Lady Briarwood came to court.
During a feast held in their honour, the Briarwoods violently took control of the castle, killing or imprisoning everyone who would stand in their way.
Percy awoke chained in the dungeon, only to be freed by his younger sister.
Together they fled, chased by the Briarwoods' men.
As they ran, Percy's sister took several arrows to the chest and fell.
Percy kept running, eventually jumping into a freezing river and floating unconscious to freedom.
He did not remember waking up on a fishing boat.
He barely remembered the next two years, as he slowly made his way as far south as possible.
Then one night, Percy had a dream.
A roaring cloud of smoke offered him vengeance against those who destroyed his family.
When he awoke, Percy began to design his first gun.
(gun clicking) (explosion roaring)",False
2165,"Oh, you haven't heard of Scanlan Shorthalt?
Well, gird your loins, ladies, because he has his eye on you.
A talented musician, master of disguise, and dashingly handsome in his own mind, Scanlan sings songs almost as much as he sings his own praises.
Born a poor gnome, Scanlan used his endless charm and soaring tenor voice to croon for coin and support his single mother.
One day he was discovered by a half-orc promoter, and joined Dr.
Dranzel's Spectacular Traveling Troupe, where he learned the ways of the world, and honed his skills as a bard extraordinaire.
A loner much of his life, Scanlan has never quite come to terms with the violent death of his mother at the hands of a goblin invasion.
While his years on the road provided many, shall we say, educational experiences with the opposite sex, deep down Scanlan yearns for the one thing he's never known, the true love of a fellow gnome.
Still, Scanlan considers himself a lover first, performer second, and fighter distant third.
On the battlefield, he'll support his allies, but rarely draws blood unless it's to protect fellow gnome, Pike.
Count on Scanlan for a hearty laugh, a rollicking song, and a twinkle in his eye that melts hearts and makes the females swoon.",False
2166,"Greetings and salutations.
I am Tiberius Stormwind.
I hail from a town called Ty'rex, located in the heart of Draconia, from a politically respected family.
At the age of 15, I succeeded in passing the Sorcerer's Rite, showing prodigy-like control of my magic.
The judges and the Draconian high council were amazed at how powerful my spells were for how long I had been training.
At 20 years old, I was the youngest appointed member of the magic guild in Draconian history.
For the next few years, I almost went mad from the malaise of being a guild member, as it's rather boring.
However, one day I happened upon a chamber, unused for quite some time.
In the room were stacks of books and maps of the surrounding cities and areas around the known world.
For months I would frequent the chamber, and learned of artifacts from legend.
After a long period of research, I made a list of artifacts that caught my eye.
I brought these findings to the high council and was told that all of the information in the chamber I stumbled upon was either believed to be fiction, or unsolvable mysteries, and hence were lost forever.
I found those answers to be unacceptable.
A year later I devised a ruse and managed to convince the city council to lend support in me leaving Draconia on a mission of peace and diplomacy for the surrounding kingdoms.
Going from town to town and making friends and allies, in and for the name of Draconia.
Being a red dragonborn, I had quite the task on my hands in that respect, but it was exactly what I needed, so I could explore the world and find these artifacts, as I felt the truth was out there.
Some may describe me as buffoonish, but I say poppycock to all that.
(mutters) I am much sharper than most give me credit for.
I just don't pay attention to things sometimes.
I've also been known to be rather cunning, loyal, happy-go-lucky, and well, dangerous.
I can't help but show my true scales every now and then.
But overall, I think I'm quite friendly for a dragonborn.",False
2167,"Never entirely welcome in the company of elves or men, Vax'ildan learned at a young age to skip past formality, preferring instead to invite himself in your door.
Along with twin sister Vex'ahlia, Vax was born by a chance encounter between elven royalty and human peasantry.
Raised by their mother in their early years, the twins were eventually sent off to their father in the elven capital of Syngorn.
But their cool reception among the elves there never warmed, and their time in the capital didn't last.
The siblings stole away one autumn night and set out on the open road.
After a few years of wandering, they eventually decided to return to their mother, and journeyed back to the lands of their youth.
But instead of finding their childhood home, they returned to a pile of rubble.
Their mother was gone, their home burned to ash.
Pressing the townspeople for answers, they learned of the day the dragon came.
(loud roaring) With their ties all severed, Vax'ildan and his sister set out to find their fortune together in Tal'Dorei.
An outsider since birth, Vax quickly learned to solve life's challenges in his own particular way, often by sidestepping them entirely.
And when his knack for circumventing adversity isn't enough, (sword slicing) the way of blades the elves schooled him in more than makes up the difference.",False
2168,"Like so many half-elves, Vex'ahlia has spent most of her life suffering the cool reception of a people who don't fully accept her.
Born of a human mother and an elven father, who only later in life took an interest in their existence, Vex'ahlia and her twin brother Vax'ildan quickly realized the only people they could truly rely on in this world were each other.
It was at the age of ten when the two were taken from their mother, and brought to live in Syngorn, the isolated elven city for which their father was an ambassador.
He quietly took them in, but always kept an icy distance, and after too many years of disdainful looks, the pair decided to leave his indifference behind, and set out on their own.
Vax took to the cities, stealing small trinkets and learning the ways of the thief, while Vex kept to the woods.
She preferred the isolation.
Always the keen observer, she learned to hunt and to track, to spy and to shoot.
And through a series of fateful events, earned herself a companion in the form of a bear, her own stolen trinket, (bear growling) to fight alongside her and protect her fiercely.
Also, he is adorable and gives expert massages.
Welcome back everyone.
So, know that you're a little more affiliated with the characters, let's get this party started.
So as a head's up, I wanna let you know, once again, we're waiting for the charity elements of this stream to open up again, since the big charity that happened a couple weeks ago.
Once we do, we're gonna be taking donations, half to go to help run the channel, the other to donate to 826.
Marisha will explain that here in just a second.
As a head's up, Ashley, who plays our cleric, Pike, unfortunately couldn't make it again this week, because she's busy filming amazing stuff with her career being amazing.
But she says she's sad she can't be here.
She loves you guys, and as soon as Pike can re-enter the campaign, hopefully in a couple weeks, all awesome gnomeness shall double.
So also tonight, there was a goal to try and hit 1000 subscribers on the channel.
So what we're gonna do is, we only have 130 people to subscribe tonight.
If we can get all 130 before the show ends this evening, we're gonna do a random selection of a person within those thousand subscribers to win a copy of the Player's Handbook signed by all of us, as well as a really, really cool image that was tweeted out earlier by Geek & Sundry, also signed by all of us.
So, go ahead and pull your friends, see if we can get some more subscribers before the show's out tonight, so hopefully that'll be fun.
So, Marisha, if you wanna go ahead and explain a little bit about the charity 826 we'll be plugging in the near future.
Yes, 826 LA is a non-profit charity organization that helps kids though the age of six to 18 with their creative and structural writing skills, and they also help teachers and yeah.
Good artsy creative things.
So donate, and definitely visit the Time Travel Mart.",False
2169,"Wait, can we donate?",False
2170,Tonight we can't donate here.,False
2171,We can't donate tonight yet?,False
2172,"It's not available yet.
Start saving your money.",False
2173,Not yet.,False
2174,"But you can still go to the Time Travel Mart in Echo Park and you can also go to their website, 826LA, and I'm sure you can donate through there if you want to do that.",False
2175,"Yes, but we'll be getting that going in the near future.
So, anyway.
Let's go ahead and do a little recap of what happened last week.
So the party has been hired by their friend, Arcanist Allura Vysoren, in the city of Emon to head towards the dwarven town of Kraghammer, as a good friend of hers, and one of the members of the Council of Tal'Dorei, has gone missing.
This, being a halfling paladin, named Lady Kima of Vord, who was on a vision quest as part of a pilgrimage and was drawn towards some dark evil she said was manifesting somewhere deep beneath Kraghammer and hadn't been heard from since.
So the party was sent there to go ahead and seek her.
Upon arriving in Kraghammer, shenanigans ensued.
They made some friends, made some enemies, wandered the town.
Brother, sisters, walked around as if they were married.",False
2176,"No!
(group laughs)",False
2177,"Bears almost got into fights in rings.
And eventually the party made their way towards the bottom ring of Kraghammer proper, talking to Lord Nostoc Greyspine, who is--",False
2178,"That's right, Greyspine.",False
2179,"Yes, Greyspine indeed.
Who is the head of the Greyspine Mines at the bottom of Kraghammer, where supposedly this paladin disappeared to.
After having a conversation with him, a bunch of goblins and ogres began to spring from the mines and attacking the workers.
The party swooped down to aid, realized that the goblins and ogre's weren't attacking, they were fleeing from something else, of which emerging from within the mines proper some strange naga-based hydra-ish abomination.
The party then proceeded to slaughter it, final blow dealt by Scanlan via lightning bolt.",False
2180,"Hi, Scanlan here, hi.",False
2181,Our resident gnome bard.,False
2182,"Yeah, you did!",False
2183,"And that's where we pick up.
So, as all of you are still riding the adrenaline of the battle, Scanlan feeling the tingling in his fingers as the little bolts of arcane energy kind of (imitates electricity crackling) spark throughout, the rest of the nearby workers and miners slowly converge in and begin to walk up to the party.
And someone starts, ""That was great, that was well done!
Fantastic!
Where'd you learn that?"" One of them comes up there, ""Ah, I could've done better than that."" And they start just shouting off at each other and pat each other on the back.
A few moments of this progresses before, all of a sudden, there's a hush comes about the crowd, and you see about five or six Carvers pull their way through, Carvers being the guards of Kraghammer, with Lord Nostoc Greyspine himself stepping through.
He looks at the rest of the group and goes, ""All right, so you've certainly proven yourselves in battle.""",False
2184,"Well, of course we have.
I'm sorry.",False
2185,"""I would like to continue this conversation that we had back in my office if you don't mind."" He turns around and begins to walk back.",False
2186,"Oh wait, Nostoc.
He's not even listening, he's just walking off.
(group laughs) Yeah, mmm.
Ooh, shall we turn and follow?",False
2187,"Are you still an eagle?
Can you even talk to him?",False
2188,Shouldn't you just go caw?,False
2189,"Well I'm not an eagle.
But I am still poisoned.",False
2190,"Oh, I can help you.",False
2191,"Oh, that'd be great.",False
2192,Yeah!,False
2193,"Hold on, I'm gonna go up, and I'm gonna cast--",False
2194,"Cast?
Yeah, I can cast spells.",False
2195,You can cast?,False
2196,"I can.
I've got plenty o' spells.",False
2197,You can kill?,False
2198,"All right, fair enough.",False
2199,I'm gonna cast Protection from Poison on Keyleth.,False
2200,"Okay.
Essentially go ahead and make a saving throw with advantage.
This'll be Constitution.",False
2201,I made the second one.,False
2202,What'd you roll?,False
2203,"A 10.
Plus my constitution which is two, three, thirteen.",False
2204,So thirteen?,False
2205,Yes.,False
2206,"That'd be enough.
So, after you finish casting the spell, you feel the poison leave the rest of your body.
You can kind of take a breath to yourself.
The rest of the miners kind of look about and Awkwardly staring back at Nostoc as he walks off, kind of looking back like, what ""Are you gonna go?
Talk to him?""",False
2207,"Yeah, I guess we should go follow him.",False
2208,We have two very important questions.,False
2209,Can't we look in the hole a little bit more.,False
2210,"No Grog, we need to go do this.",False
2211,"We're gonna go in the hole in just a minute, Grog.",False
2212,"Then you can smash, you'll be fine.",False
2213,You promise?,False
2214,"You did that last night.
We need to take care of business.
Let's go talk to the man.
I'm sure it's going to lead back to the mines.",False
2215,To the hole.,False
2216,"Yes, to the hole.
Everything's back to the hole.",False
2217,"Percy, do you have something to say before we go?",False
2218,"Well, this is good.
We have to find out what that was, and we have to see if he'll finally give us some of that ale, I think are the two most important things.",False
2219,"It was wine, I believe.",False
2220,"No, it was bloody, bloody beer.",False
2221,"Bloodline.
Bloody wine, blood wine.",False
2222,"Bloodier, ale.
Beerwine.",False
2223,It was delicious is what it was.,False
2224,It was really good.,False
2225,Let's go talk to Nostoc.,False
2226,"Let's follow him, let's follow him.",False
2227,"Okay, this is what's important.",False
2228,"All right, so as you head back to the ramp that heads up from the mine enclosure itself to the top of the realm, which is where the Greyspine Industries mining facility is, you are brought into the building again, brought back to Nostoc's office, in which he's not sitting, he's kind of pacing behind his desk, waiting for you as you approach.
As you enter the room, he stops pacing, turns around, puts his hand on the desk, and says, Please, enter and close the doors behind you.
(loud thud)",False
2229,"Sorry, I didn't mean to slam the door like that.
(group laughs)",False
2230,"""A flatulent dragonborn, eh?"" (group laughs)",False
2231,"""All right."" So as you close the - (laughs) Tiberius.
(Orion clears throat comically)",False
2232,"Sir Greyspine.
Lord Greyspine?
Mr.
Greyspine?",False
2233,"""Lord Greyspine is fine.""",False
2234,"Lord Greyspine, yes.
Why have you summoned us here?
Is it to tell us information about what just came out of your mine, I hope.",False
2235,"""Well let's be clear."" ""We dwarves don't need help from outsiders.
We can handle our own business just fine.""",False
2236,Of course.,False
2237,"Speaking of outsiders, you wouldn't happen to have seen a Lady Kima, would you?",False
2238,"""As what the discussion was based on previously, you're searching for her, and last we saw her, She went down into the mine.""",False
2239,"We already talked about that, Keyleth.",False
2240,"Yep, we did.",False
2241,"They don't like her, she was a troublemaker and she went in.",False
2242,You're an eagle.,False
2243,"She's in the mine.
We'll go in and find her.
Right?
Lord Greyspine?",False
2244,"""You're welcome to.
As far as I know, she's down there somewhere.
Hopefully still in one piece.""",False
2245,"While we're there, would you like us to take care of any other problems?",False
2246,"""Getting to that.
You see these small intrusions have been bad for meeting our quotas with the Bronzegrip metal warehouse and export shipments.
Employees have been forced to collapse a non-negotiable portion of our tunnels to prevent incursions like this.
Without my approval.
And this is a pattern I wish to stop at once.
Thus, I have a proposition for you.
Now, I will give you free reign to our mines.
I shall get the proper approvals to make sure no Carvers bother you as you wander the city's lower ring.
And I will contract you to delve past our tunnels and investigate the source of these creatures, where they come from, where they live, and if there is some sort of a leader who gives them their commands.
Eliminate them.
For this, I will reward you with not a trifle sum.
25,000 gold pieces.
Plus 250 gold per beast scalp you provide upon returning.""",False
2247,"Ooh, I like this.",False
2248,"Grog, this seems like a wonderful job, doesn't it?",False
2249,"Money is wonderful.
We like money.
But we've been charged to find Lady Kima.
We need assurances that we will find her or at least some evidence of her in the mines.",False
2250,"""The brazen halfling bitch went in there without my approval and wandered into the mines, not to be seen.
So if she is down there, I hope she's in one piece.
I can't guarantee it.
But if there's any place to find her, that's probably it.""",False
2251,"We're the group of adventurers for you.
I don't know if you've heard of the heroes Emon, who just recently- I'm sure you've heard something.
Word travels fast.",False
2252,"""Not beneath this mountain, it doesn't, of human closers.""",False
2253,We've just done a lot of good to the ruler of Emon.,False
2254,"""Great.
How does that help us dwarves?""",False
2255,"We're saying we are going to help you, too.
And everything will be fine, and we'll all be happy.",False
2256,"Well, we've discovered, in our past adventures, however, is that every realm seems to be having trouble with the same sort of creatures, coming up from the Underdark perhaps?",False
2257,"All we're saying is, help us help you.
What exactly have you seen before this day?
More of the same?
Or other creatures?",False
2258,"He sits back for a second.
""The types of creatures, I do not know.
I mostly deal with the business and just know that there's some bullshite going on down in the mines.
You could ask our foreman, Hieris.
He's dealt with the cleanup each time we've had an incursion like this, so if anyone has information on what these creatures are, he'd be the one to talk to.""",False
2259,"Sorry, what was his name again?",False
2260,Hieris.,False
2261,"""He's a foreman at the mine proper.""",False
2262,All right.,False
2263,I think this seems like the sort of job we'd want to take.,False
2264,Yes.,False
2265,Will we get paid for the monsters and creatures we've already slayed?,False
2266,"""This deal was not sewn in yet, so no.""",False
2267,Oh.,False
2268,"""But we thank you for your aid.""",False
2269,It is customary in our culture to seal a deal with a drink.,False
2270,As I think you are all aware.,False
2271,"Truly, truly.",False
2272,"See, I wasn't just fucking with you last week.
(group laughs) That's a thing we do.",False
2273,And since we are about to risk our lives...,False
2274,I forgot you did that.,False
2275,Make a persuasion roll.,False
2276,"Yes!
Happily.",False
2277,"Roll good, it's the first one.",False
2278,"Come on, Percy!",False
2279,14.,False
2280,Oh.,False
2281,"It's pretty good.
Not great.",False
2282,"You can see this long, distant, angry, dwarven, mistrusting stare.
Rubs his chin, his well-kept, blackened beard and goes, ""Huh, but a sip, as it was a gift.""",False
2283,Yes!,False
2284,"(laughs) We'll take it.
He pulls the ale barrel which you guys provided, sets it on the side of his desk with the same spigot that you had placed in when you presented it earlier and says, ""Take a bit."" ""A bit.""",False
2285,(whispering) Put some in a bottle.,False
2286,We have to save some for those guards.,False
2287,"Let me take care of it.
I'll pour everyone a glass.",False
2288,"Oh, thank you, brother.
I take my empty water flask that I emptied out before, and am smiling and pouring glasses and also squirting a little bit here and there as I want.
I start to just play a little ditty on the flute.
I thought we could accompany our sip with a little bit of music, not to distract you, just to-- (group laughs) just to sort of accompany us.",False
2289,"His nose squints at the sound.
(SAM imitates a jaunty flute)",False
2290,"""Gnomish tunes aren't to my ears and liking."" However, you do get an inspiration dice.",False
2291,Yay.,False
2292,"All right, so go ahead and make a - (laughs) Make a sleight of hand check on this.",False
2293,"Okay.
That's what we do, right?",False
2294,"Roll well.
Here we go.",False
2295,"Oh, no.",False
2296,You have inspiration dice.,False
2297,Inspiration dice are d8?,False
2298,"Yep, you add a d8 to it as well.",False
2299,"Okay, and I can add a d8 to this?",False
2300,Correct.,False
2301,The ale is that good.,False
2302,"Oh good.
Now I'm at 19.
(Travis groans in relief) Hey.",False
2303,"As he's listening to the gnomish music and kind of pushing it away with his hands, like, ""Stop, I don't- no.
I appreciate it, but I don't.""",False
2304,"All right, there's not accounting for taste.",False
2305,"As you do that, your wineskin goes to full.
(imitates liquid sloshing) Swollen to its brim.
You switch over to one of the cups, you pass around the drinks.
All of you manage to get your drinks passed around.",False
2306,Huzzah!,False
2307,"""To a contract!""",False
2308,"Aye!
Huzzah!",False
2309,To a contract.,False
2310,Contracts.,False
2311,L'chaim!,False
2312,Love contracts.,False
2313,Is that Draconian?,False
2314,It's Gnomish.,False
2315,"To risking our lives.
For money.",False
2316,"How old is Nostoc?
Just out of curiosity.",False
2317,"It's hard to tell.
Dwarves live quite a long time.
He would be equivalent to like a human forties.
Dwarven time, somewhere in his mid-hundreds.",False
2318,Smells like its been in the barrel for a hundred years.,False
2319,It has been.,False
2320,This is excellent.,False
2321,"Tastes like two buck Chuck.
(group laughs)",False
2322,"Oh, I know him from Quimdendale.",False
2323,What do you know of a Ballsac up in the tavern?,False
2324,"""I'm sorry, what?""",False
2325,Do I have that right?,False
2326,"Ball, ball -",False
2327,Balgus.,False
2328,Balgus.,False
2329,"""Ah, Balgus, that's the brand of what you brought me.""",False
2330,"You know what, I think we asked about him last time.",False
2331,I think we did.,False
2332,"Also, may we take a short rest before we leave this facility?",False
2333,"Yes, could we do that?
Is this considered a short rest?",False
2334,"Oh yeah, that actually would be good.",False
2335,"If you'd like to do that, that would just be taking a short rest outside, probably not in the office proper.",False
2336,Understandable.,False
2337,You can leave and just sit down and get some rest.,False
2338,"When we take a rest, can I look for Hieris?",False
2339,"You can as well.
So, while you guys are taking a short rest, you're able to use any of your hit dice to heal up naturally.",False
2340,We don't naturally heal up?,False
2341,"That is your natural healing.
Not to full.
It's a continuation, Grog.",False
2342,"I will sing a song of rest.
And it goes a little something like,  Scanlan make you feel good   Scanlan make you feel real good ",False
2343,"Oh, I feel so good.",False
2344,"No wait, you get an extra d6 on all your heals.",False
2345,I appreciate the slow jam.,False
2346,"Yeah, on every hit dice, you get an extra d6.",False
2347,"R.
Kelly would agree.
(Matt laughs)",False
2348,"I didn't take any hit points.
I'm at full health.",False
2349,So you got a slow jam just for the sake of the slow jam.,False
2350,"That's right.
And it was great.",False
2351,"All right, roll an investigate check.",False
2352,"It feels good.
Real good.",False
2353,"Okay.
Oh, 25.",False
2354,"A brief discussion with a few of the other wandering dwarf miners that are in the outskirts of the buildings' facilities.
Eventually it leads you over to what is a small, secondary building maybe 200 yards off from the main property.
That apparently is where Hieris resides and keeps watch over the entire establishment.",False
2355,I've tagged along.,False
2356,Knock knock knock.,False
2357,"All right, the rest of you going with her?",False
2358,"Yeah, we'll go with her.",False
2359,"Why not!
Why split the party?
So the the group makes their way over to the outskirts of the building.
Opens up and a very nice, portly looking dwarf with a big tuft of a chinstrap beard.
Big reddish, ruddy nose.
Leather apron on.
And he opens the door.
""Aye, hello!
Nice to meet you.
What can I do for ye?""",False
2360,"Hi.
You must be Hieris?",False
2361,"""I am, I am.
Foreman of this here fine mine.""",False
2362,"Wonderful to meet you.
I've heard wonderful things about you.",False
2363,"""Oh, have you!
From who?""",False
2364,"Uh, from Lord Greyspine himself.",False
2365,"""Really?
Oh.
All right.
Well, how can I be of service?""",False
2366,"We were curious.
I'm sure you witnessed all of those wonderful goblins and trolls and other nonsense coming out of the mine.",False
2367,"""Aye.
Nasty lot.
It always makes my weeks that much more interesting.""",False
2368,"Weeks?
So this has been happening for quite a while?",False
2369,"""Unfortunately, at least five or six.""",False
2370,And what kind of monsters have you been dealing with?,False
2371,"""Terrible kinds."" He starts rubbing his chin for a little and goes, ""We generally deal with the occasional goblin den we stumble across when opening new tunnels.
That's part of the norm.
Other nasty underground beasties.
However, over this past few weeks, we've seen some real nightmarish things slither out of the shadows.
Many goblins stitched together, like some kind of ball of screaming green lint.""",False
2372,"Ooh, god.",False
2373,"""Slimes and oozes that would mutate and change color rapidly before seeming to dissolve on their own.
Unstable-looking really, in their form.""",False
2374,"Like a goblin centipede?
(Laura, Liam, Travis laugh)",False
2375,"""If you will, aye aye.""",False
2376,Sounds more like some type of necromancy magic.,False
2377,"""Perhaps, but they're not undead, per se.
They're still alive.
At least from what we can tell.
Whatever agony face them in their physical form.""",False
2378,"Oh, that's even worse.",False
2379,"""We even had one brief run-in with what looked like a duergar that had swollen and sprouted eyes and mouths all across his body.
That was a sight.""",False
2380,What's a duergar?,False
2381,"That's a dark dwarf.
They're little fuckers, those are.",False
2382,"""Aye, duergar."" And he spits to the side.
""Filthy lost souls.
Dwarves of old that turned to a darker god.
Thankfully, they live far beneath the mountains, and usually far north enough to not worry about it.
But one of them found its way up here, in this strange, awful, maw-covered form.
It was terrifying.
And the smell!
Oh ho ho!
Anyway, we've even seen a few creatures from the surface that normally aren't found down here as well, which is strange.
They don't wander down.
Something's bringing them.
Weirdest thing.
Oh!
And I just heard we had some weird, many-headed serpent thing that just got killed down there.""",False
2383,"Oh, we just killed one of those.",False
2384,"""That was you!""",False
2385,Yes!,False
2386,Our hero is right over here.,False
2387,"(clears throat) Hi.
(group laughs)",False
2388,"And he steps onto his back leg, shifting his weight, and cocks an awkward eyebrow.
""Really?""",False
2389,I'm really strong for my age.,False
2390,We were all surprised.,False
2391,We're as surprised as anybody.,False
2392,Fearsome Scanlan.,False
2393,"Actually, Hieris, I have a question for you.
You know the mines very well, yes?",False
2394,"""Aye, I do.""",False
2395,"Far from asking you to draw us a map, are there any tunnels or directions that we should avoid or particularly head towards?
Anything that we should look for in terms of traps or tricks?",False
2396,"""Not within our mines.
They're usually well-guarded.
Or, they were.""",False
2397,"Also, do you have a map?",False
2398,"""Of the mines?
Yeah, I do.""",False
2399,Wonderful.,False
2400,He starts going through his notes here.,False
2401,I'll take that.,False
2402,"That's where we're going, right?",False
2403,We're goin' in the hole.,False
2404,"It's kinda haphazardly scrawled across a piece of parchment, but he hands it over to you.",False
2405,"And he says, ""So that's the front part of the mines.
Unfortunately, half of our tunnels have been relinquished to close off some of these beasties coming through, so we're gonna have to recarve portions of the mine as we progress forward.
Kind of starting at square one best we can.
But that at least is what we're currently working with.
There is a subterranean level as well.
We have an elevator inside that brings the various mine carts to and from.""",False
2406,Is there a particular area on that map that most of the baddies seem to be coming from?,False
2407,"""No, we've closed it off each time.""",False
2408,Just kind of everywhere?,False
2409,"""Oh no, we've had a few tunnels they've come through, but we've managed to collapse those and make sure they're not coming through again.""",False
2410,"And we noticed the, I believed it was the naga we fought, it seemed to have several extra heads stitched on.
Have you no knowledge of these creatures?
It seems very odd.
Is there any connection in dwarven history or past?
Or this is totally out of the blue?",False
2411,"""No no, not to my knowledge, at least.
I mean, most beasts we find are in one piece, not several together.
It's a bit disturbing to be honest.
I told my nephew about it and he was crying for hours.""",False
2412,Oh.,False
2413,(laughs),False
2414,Do any of the beasts go back into them?,False
2415,"""Oh no, we've killed them as they come out each time."" Right, they don't take anything back.",False
2416,"""Not from what I've seen, no.""",False
2417,"Hieris, do you know if there's any other entrances into the mine?
Any old secret tunnels, something that someone could be using to get in?",False
2418,"""Not to the mine, this is all proprietary.
This is the business we run, so we don't have any internal or secret entrances.
That would leave us open to a sort of a thief to come in and steal our mithril.""",False
2419,"And what's security like on the mine?
Is there any chance someone could've slipped in through Kraghammer without you knowing, or is that all locked up?",False
2420,"""Oh, I highly doubt that, not with the way our carvers are trained.""",False
2421,"Understood, understood.",False
2426,Before we go--,False
2427,Strong ale.,False
2428,"""Finest of military classes, aye.
Proud of 'em.""",False
2430,"""I had a cousin who was once a carver.
Raised him there.
His whole family brought him up on that side.
Military weapon training every day.
Couldn't come out and play with the rest of us.
I felt bad for him.
But he grew up to be a right nasty dwarf, aye.""",False
2431,You say had.,False
2433,"""Unfortunately, he was slain in one of the incursions.
That duergar I was telling you about.
But, such is the nature of the fighter, I suppose.""",False
2434,"A damn shame.
I'm so sorry.",False
2435,"""I appreciate that.
To be honest, he was kind of a bastard, but um-- don't miss him too much.
But I appreciate the thought.
That's very kind of you.""",False
2436,We won't avenge him then.,False
2437,"""I mean, still avenge him.""",False
2438,Literally or figuratively?,False
2439,"""I'm not sure.""",False
2440,He had parents.,False
2441,"""He had parents.
We were related somewhat.
I'm not gonna say too closely.""",False
2442,Can I ask a question?,False
2443,"""Ah, yes.""",False
2444,"Not to you, to the other guy, Matt.",False
2445,"Ah, yes.
(group laughs)",False
2446,"Yes, Laura?",False
2447,"When we take a rest, do we get our spells back for the day?",False
2448,"Not a short rest.
It has to be a long rest.",False
2449,"All right, cool.",False
2450,Which is why we're gonna take a proper nap.,False
2451,We're gonna take a real nap?,False
2452,I think we should go buy some potions and take a nap.,False
2453,I think so.,False
2454,"All right, this could be really bad.
I mean, we're about to put the dungeons in Dungeons and Dragons.",False
2455,Let's go get drunk and go to sleep then.,False
2456,All right.,False
2457,There you go.,False
2458,"And stock up on some potions.
Hieris, you've been so helpful.",False
2459,"""Of course, I'm happy to.""",False
2460,One last question.,False
2461,"""It doesn't have to be last.
You're welcome to stay as long as you like.
I don't get visitors to often up here in my booth.""",False
2462,You should come drink with us at the tavern.,False
2463,"""Oh well, I have to stay here.
Work, at least for the next six hours.""",False
2464,"All night, do you get off in six more hours?",False
2465,"""Aye.
But I have some dried fruits.
I've got some meats inside.
I've got two chairs and you could fit in my lap,"" and he kind of pats you on the head.",False
2466,"I've killed.
(group laughs)",False
2467,"""Right.""",False
2469,"""Fair enough."" Also, apparently my mic's a bit loud.
If you can turn it down a bit for you guys.",False
2470,What's a mic?,False
2471,"""Forget that, you heard nothing.
It's a strange echo in the caverns of Kraghammer.
Anyway--""",False
2472,Look at the time.,False
2473,"We have to go.
We'll come see you again, Hieris.",False
2474,"""Of course, anytime.
When we're not busy.
But when I'm not busy, you're welcome to come by.""",False
2475,All right.,False
2476,"Oh, that'd be nice.",False
2477,"Tell you what, when we drag our asses out of that mine, we'll come straight to you and buy you a drink.",False
2478,And we'll have some of that dried fruit.,False
2479,"We're lying, right?",False
2480,"""Oh, I'll save a batch for you, you half-elf lass.""",False
2481,All right.,False
2482,Do the wink thing you do.,False
2483,"I did, I already did.",False
2484,"Oh, you did it already.
She's good at winking.",False
2485,"""I saw, it was a good wink.
Aye.
Made me tingle in my shoulders.""",False
2486,Just your shoulders?,False
2487,"""That might be the diabetes, but--"" (group laughs)",False
2488,"""But mostly the wink, I think.""",False
2489,Good.,False
2490,"Oh, we should get him something other than dried fruit.
That's not good for diabetes.",False
2491,Back to the tavern.,False
2492,At least it means he's regular.,False
2493,Or did you have something?,False
2494,"No, we're good.
Back to the tavern.
We go back to the Iron Hearth Tavern, right?
Is that what it's called?",False
2495,"For those who are asking, that's West Country, is the accent.",False
2496,Yes.,False
2497,Cornwall.,False
2498,"What time is it?
Should we buy potions now?",False
2499,If we're underground--,False
2500,"Oh, is everything open?",False
2501,"As far as you guys know, it's somewhere in the neighborhood of sunsettish afternoon.",False
2502,Are the stores still open?,False
2503,It's summer.,False
2504,You can certainly check.,False
2505,"It's like La Vegas, it's always twilight.",False
2506,There you go.,False
2507,"If you all don't mind, I suggest we item up a bit, and before we get too late, and we get too drunk, Grog, go back to that lightning -- main-- manor-- lightning cage.",False
2508,"Oh, that place.",False
2509,House Thunderbrand?,False
2510,"House Thunderbrand.
(Matt laughs)",False
2511,"Where do we item up?
Do we get potions and stuff somewhere?",False
2512,"Yeah, that's what we're looking for.",False
2513,"When you say too drunk, do you mean ""we"" the adventurers or the humans back in Los Angeles?",False
2514,"Both parties.
Cross-plane.",False
2515,Cross-Realm.,False
2516,"And I tell them what happened, again.",False
2517,What happened?,False
2518,"Well, I went to this door because--",False
2519,"Oh yes, yes, yes, yes.",False
2520,"You later rested, shot arcane magic at the home of arcane magic in Kraghammer.",False
2521,"And if we are to go down into this cave, perhaps they have some insight into what's going on there as well.
Especially at this point in.",False
2522,Let's hurry and try to get them before they go to sleep.,False
2523,"Maybe they have magical items.
I want stuff.",False
2524,And I priorly had luck with more than--,False
2525,Like plant stuff or potion stuff?,False
2526,All stuff.,False
2527,Have you had any luck finding an arcane--,False
2528,That's what we're talking about.,False
2529,"No, I know that.
Did you send any fireballs at doors again like you've done in the past, or--?",False
2530,"Yes, I knocked, as I do often do.
And nothing doing.",False
2531,All right.,False
2532,Got it.,False
2533,"So, magic stuffs.",False
2534,Let's go find them.,False
2535,All right.,False
2536,"So wait-- it seems like they really don't want you in their door.
It seems very heavily guarded.
So what's our plan, we just going to try again?",False
2537,"Well it was nighttime before.
Maybe they'll be more--",False
2538,We're gonna do what we always do  wing it.,False
2539,"We're gonna try it again, except we're gonna watch this time.
It'll be fun.",False
2540,There you go.,False
2541,Let's do it.,False
2542,"I walk back to the door, because we're all just standing outside the door.",False
2543,Correct.,False
2544,"I walk back to Hieris's door and knock on it and poke my head in.
Hieris, I'm sorry.",False
2545,"You catch him with a handful of dried fruit, ""Hmph!
Hi!""",False
2546,"Just a quick question.
We have no fucking idea what time it is.
Because we usually use the sun.
Do you know what hour it is?
Are businesses open at the moment?",False
2547,"He reaches over and grabs this really awesomely intricate piece of clockwork on his desk.
It's this brass, cylindrical piece that as he pulls out you hear this (tongue clicking), fring!
And springs and things making strange whirring sounds.
""Oh, I reckon it's about two hours from sunset.""",False
2548,"Oh, very good.",False
2549,Are the stores open at the moment?,False
2550,Better question.,False
2551,"""As far as I know, aye.
Depending on the store.""",False
2552,How much time do we have left?,False
2553,"""Few hours.""",False
2554,"Oh, thank you, sir.",False
2555,"""You sure you don't want to stay?""",False
2556,Let's go shopping.,False
2557,"Thank you, Hieris thank you.
Oh, gotta go, sorry.",False
2558,"""Goodbye.""",False
2559,It's the mine that never sleeps.,False
2560,"""Good luck.""",False
2561,Byeee!,False
2562,"You hear the door open behind you, and he starts waving at you guys.
""Stay safe!""",False
2563,Stay regular.,False
2564,"Eat some veggies!
Fruit's bad for the diabetes!",False
2565,"Oh, I put my head back in the door, and I throw him a turkey leg and a beef jerky stick.
I gotta get rid of this stuff.
It's been in here for years.",False
2566,The fact that you just checked your inventory for that worries me.,False
2567,We gotta lotta shit in this bag.,False
2568,"The bag of holding, not so much a freezer.",False
2569,"I didn't say it was good.
I just want it out.",False
2570,And then you just throw it at him?,False
2571,"The mildly rotted turkey leg (imitates moist impact) across the floor.
The remainder of what was once meat, now a slush sloughing off the bone as it slams across the stone floor.",False
2572,It's really tender.,False
